{"cameraMode":{"drawMode":0,"name":"Shaded","section":"Shading Mode"},"sceneLighting":false,"audioPlay":false,"sceneViewState":{"showFog":true,"showMaterialUpdate":false,"showSkybox":false,"showFlares":true,"showImageEffects":true,"showParticleSystems":true},"in2DMode":false,"pivot":{"x":-0.009782254695892334,"y":0.02995818480849266,"z":-7.450580596923828e-9},"rotation":{"x":0.004313315264880657,"y":0.9893679618835449,"z":-0.029996510595083238,"w":0.14225037395954133},"size":0.255654901266098,"orthographic":false}