{"cameraMode":{"drawMode":0,"name":"Shaded","section":"Shading Mode"},"sceneLighting":false,"audioPlay":false,"sceneViewState":{"showFog":true,"showMaterialUpdate":true,"showSkybox":false,"showFlares":true,"showImageEffects":true,"showParticleSystems":true},"in2DMode":false,"pivot":{"x":0.0052220821380615238,"y":0.6824691295623779,"z":-1.1920928955078126e-7},"rotation":{"x":-0.16183491051197053,"y":-0.7763721346855164,"z":0.22141434252262116,"w":-0.5675017833709717},"size":13.572517395019532,"orthographic":false}