{"cameraMode":{"drawMode":0,"name":"Shaded","section":"Shading Mode"},"sceneLighting":false,"audioPlay":false,"sceneViewState":{"showFog":true,"showMaterialUpdate":true,"showSkybox":false,"showFlares":true,"showImageEffects":true,"showParticleSystems":true},"in2DMode":false,"pivot":{"x":0.0052220821380615238,"y":0.6824691295623779,"z":-1.1920928955078126e-7},"rotation":{"x":-0.16882850229740144,"y":-0.6676920652389526,"z":0.15937794744968415,"w":-0.7073178291320801},"size":13.572517395019532,"orthographic":false}