{"cameraMode":{"drawMode":0,"name":"Shaded","section":"Shading Mode"},"sceneLighting":false,"audioPlay":false,"sceneViewState":{"showFog":true,"showMaterialUpdate":true,"showSkybox":false,"showFlares":true,"showImageEffects":true,"showParticleSystems":true},"in2DMode":false,"pivot":{"x":-8.940696716308594e-8,"y":0.09212621301412583,"z":0.0},"rotation":{"x":0.06486676633358002,"y":0.6880034804344177,"z":-0.062224309891462329,"w":0.7202461957931519},"size":0.705027163028717,"orthographic":true}