{"cameraMode":{"drawMode":0,"name":"Shaded","section":"Shading Mode"},"sceneLighting":false,"audioPlay":false,"sceneViewState":{"showFog":true,"showMaterialUpdate":true,"showSkybox":false,"showFlares":true,"showImageEffects":true,"showParticleSystems":true},"in2DMode":false,"pivot":{"x":-8.940696716308594e-8,"y":0.09212621301412583,"z":1.0850000381469727},"rotation":{"x":-0.054925937205553058,"y":0.6326221227645874,"z":0.04505767300724983,"w":0.7712032794952393},"size":0.4527767300605774,"orthographic":true}