{"cameraMode":{"drawMode":0,"name":"Shaded","section":"Shading Mode"},"sceneLighting":true,"audioPlay":false,"sceneViewState":{"showFog":true,"showMaterialUpdate":true,"showSkybox":false,"showFlares":true,"showImageEffects":true,"showParticleSystems":true},"in2DMode":false,"pivot":{"x":-4.738804817199707,"y":0.0006551636615768075,"z":34.532997131347659},"rotation":{"x":0.2182641327381134,"y":0.6605170965194702,"z":-0.20974919199943543,"w":0.6872534155845642},"size":37.12224578857422,"orthographic":false}